units,spikeTimeRawS,movieAlignedTimeS,movieAlignedTimeMs,trialOrder,clipWindowId,clipID,movieID,isAccurate,plotOrder,includeInPlots,clipStartTimeMs,clipEndTimeMs,spikeTimeRelativeToClipStartMs,spikeTimeRelativeToClipStartS
1,1778.0041,1413.9001,1413900.0999,1,1.0-1413882-1415731,560.0000,1.0000,1,1,True,1413882.0000,1415731.0000,18.0999,0.0181
1,1778.1521,1414.0481,1414048.0999,1,1.0-1413882-1415731,560.0000,1.0000,1,1,True,1413882.0000,1415731.0000,166.0999,0.1661
1,1778.4828,1414.3788,1414378.7999,1,1.0-1413882-1415731,560.0000,1.0000,1,1,True,1413882.0000,1415731.0000,496.7999,0.4968
1,1778.4852,1414.3812,1414381.1999,1,1.0-1413882-1415731,560.0000,1.0000,1,1,True,1413882.0000,1415731.0000,499.1999,0.4992
1,1778.6253,1414.5213,1414521.2999,1,1.0-1413882-1415731,560.0000,1.0000,1,1,True,1413882.0000,1415731.0000,639.2999,0.6393
1,1778.7449,1414.6409,1414640.8999,1,1.0-1413882-1415731,560.0000,1.0000,1,1,True,1413882.0000,1415731.0000,758.8999,0.7589
1,1778.8858,1414.7818,1414781.7999,1,1.0-1413882-1415731,560.0000,1.0000,1,1,True,1413882.0000,1415731.0000,899.7999,0.8998
1,1778.9782,1414.8742,1414874.1999,1,1.0-1413882-1415731,560.0000,1.0000,1,1,True,1413882.0000,1415731.0000,992.1999,0.9922
1,1779.2167,1415.1127,1415112.6999,1,1.0-1413882-1415731,560.0000,1.0000,1,1,True,1413882.0000,1415731.0000,1230.6999,1.2307
1,1779.3235,1415.2195,1415219.4999,1,1.0-1413882-1415731,560.0000,1.0000,1,1,True,1413882.0000,1415731.0000,1337.4999,1.3375
1,1779.3962,1415.2922,1415292.1999,1,1.0-1413882-1415731,560.0000,1.0000,1,1,True,1413882.0000,1415731.0000,1410.1999,1.4102
1,1779.5584,1415.4544,1415454.3999,1,1.0-1413882-1415731,560.0000,1.0000,1,1,True,1413882.0000,1415731.0000,1572.3999,1.5724
1,1779.5835,1415.4795,1415479.4999,1,1.0-1413882-1415731,560.0000,1.0000,1,1,True,1413882.0000,1415731.0000,1597.4999,1.5975
1,743.0946,378.9906,378990.5999,2,1.0-378094-380224,210.0000,1.0000,1,2,True,378094.0000,380224.0000,896.5999,0.8966
1,743.5503,379.4463,379446.2999,2,1.0-378094-380224,210.0000,1.0000,1,2,True,378094.0000,380224.0000,1352.2999,1.3523
1,743.7006,379.5966,379596.5999,2,1.0-378094-380224,210.0000,1.0000,1,2,True,378094.0000,380224.0000,1502.5999,1.5026
1,503.7185,139.6145,139614.4999,3,1.0-139466-140606,83.0000,1.0000,1,3,True,139466.0000,140606.0000,148.4999,0.1485
1,504.5769,140.4729,140472.8999,3,1.0-139466-140606,83.0000,1.0000,1,3,True,139466.0000,140606.0000,1006.8999,1.0069
1,504.7025,140.5985,140598.4999,3,1.0-139466-140606,83.0000,1.0000,1,3,True,139466.0000,140606.0000,1132.4999,1.1325
1,1355.1123,991.0083,991008.2999,4,1.0-990778-993678,427.0000,1.0000,1,4,True,990778.0000,993678.0000,230.2999,0.2303
1,1355.1883,991.0843,991084.2999,4,1.0-990778-993678,427.0000,1.0000,1,4,True,990778.0000,993678.0000,306.2999,0.3063
1,1355.3461,991.2421,991242.0999,4,1.0-990778-993678,427.0000,1.0000,1,4,True,990778.0000,993678.0000,464.0999,0.4641
1,1356.9012,992.7972,992797.1999,4,1.0-990778-993678,427.0000,1.0000,1,4,True,990778.0000,993678.0000,2019.1999,2.0192
1,1356.9656,992.8616,992861.5999,4,1.0-990778-993678,427.0000,1.0000,1,4,True,990778.0000,993678.0000,2083.5999,2.0836
1,1356.9770,992.8730,992872.9999,4,1.0-990778-993678,427.0000,1.0000,1,4,True,990778.0000,993678.0000,2094.9999,2.0950
1,1357.0023,992.8983,992898.2999,4,1.0-990778-993678,427.0000,1.0000,1,4,True,990778.0000,993678.0000,2120.2999,2.1203
1,1357.0068,992.9028,992902.7999,4,1.0-990778-993678,427.0000,1.0000,1,4,True,990778.0000,993678.0000,2124.7999,2.1248
1,1357.4287,993.3247,993324.6999,4,1.0-990778-993678,427.0000,1.0000,1,4,True,990778.0000,993678.0000,2546.6999,2.5467
1,1357.4983,993.3943,993394.2999,4,1.0-990778-993678,427.0000,1.0000,1,4,True,990778.0000,993678.0000,2616.2999,2.6163
1,1357.5754,993.4714,993471.3999,4,1.0-990778-993678,427.0000,1.0000,1,4,True,990778.0000,993678.0000,2693.3999,2.6934
1,1357.6753,993.5713,993571.2999,4,1.0-990778-993678,427.0000,1.0000,1,4,True,990778.0000,993678.0000,2793.2999,2.7933
1,659.3165,295.2125,295212.4999,5,1.0-294948-297818,167.0000,1.0000,1,5,True,294948.0000,297818.0000,264.4999,0.2645
1,659.3858,295.2818,295281.7999,5,1.0-294948-297818,167.0000,1.0000,1,5,True,294948.0000,297818.0000,333.7999,0.3338
1,659.5604,295.4564,295456.3999,5,1.0-294948-297818,167.0000,1.0000,1,5,True,294948.0000,297818.0000,508.3999,0.5084
1,659.6780,295.5740,295573.9999,5,1.0-294948-297818,167.0000,1.0000,1,5,True,294948.0000,297818.0000,625.9999,0.6260
1,659.6798,295.5758,295575.7999,5,1.0-294948-297818,167.0000,1.0000,1,5,True,294948.0000,297818.0000,627.7999,0.6278
1,659.7137,295.6097,295609.6999,5,1.0-294948-297818,167.0000,1.0000,1,5,True,294948.0000,297818.0000,661.6999,0.6617
1,659.8037,295.6997,295699.6999,5,1.0-294948-297818,167.0000,1.0000,1,5,True,294948.0000,297818.0000,751.6999,0.7517
1,659.8235,295.7195,295719.4999,5,1.0-294948-297818,167.0000,1.0000,1,5,True,294948.0000,297818.0000,771.4999,0.7715
1,660.2100,296.1060,296105.9999,5,1.0-294948-297818,167.0000,1.0000,1,5,True,294948.0000,297818.0000,1157.9999,1.1580
1,660.2950,296.1910,296190.9999,5,1.0-294948-297818,167.0000,1.0000,1,5,True,294948.0000,297818.0000,1242.9999,1.2430
1,660.4724,296.3684,296368.3999,5,1.0-294948-297818,167.0000,1.0000,1,5,True,294948.0000,297818.0000,1420.3999,1.4204
1,660.6842,296.5802,296580.1999,5,1.0-294948-297818,167.0000,1.0000,1,5,True,294948.0000,297818.0000,1632.1999,1.6322
1,660.7020,296.5980,296597.9999,5,1.0-294948-297818,167.0000,1.0000,1,5,True,294948.0000,297818.0000,1649.9999,1.6500
1,660.7151,296.6111,296611.0999,5,1.0-294948-297818,167.0000,1.0000,1,5,True,294948.0000,297818.0000,1663.0999,1.6631
1,660.9610,296.8570,296856.9999,5,1.0-294948-297818,167.0000,1.0000,1,5,True,294948.0000,297818.0000,1908.9999,1.9090
1,661.0386,296.9346,296934.5999,5,1.0-294948-297818,167.0000,1.0000,1,5,True,294948.0000,297818.0000,1986.5999,1.9866
1,661.2248,297.1208,297120.7999,5,1.0-294948-297818,167.0000,1.0000,1,5,True,294948.0000,297818.0000,2172.7999,2.1728
1,661.2633,297.1593,297159.2999,5,1.0-294948-297818,167.0000,1.0000,1,5,True,294948.0000,297818.0000,2211.2999,2.2113
1,661.4365,297.3325,297332.4999,5,1.0-294948-297818,167.0000,1.0000,1,5,True,294948.0000,297818.0000,2384.4999,2.3845
1,661.4500,297.3460,297345.9999,5,1.0-294948-297818,167.0000,1.0000,1,5,True,294948.0000,297818.0000,2397.9999,2.3980
1,661.5507,297.4467,297446.6999,5,1.0-294948-297818,167.0000,1.0000,1,5,True,294948.0000,297818.0000,2498.6999,2.4987
1,661.7608,297.6568,297656.7999,5,1.0-294948-297818,167.0000,1.0000,1,5,True,294948.0000,297818.0000,2708.7999,2.7088
1,661.8934,297.7894,297789.3999,5,1.0-294948-297818,167.0000,1.0000,1,5,True,294948.0000,297818.0000,2841.3999,2.8414
1,950.6992,586.5952,586595.1999,6,1.0-586593-589483,290.0000,1.0000,1,6,True,586593.0000,589483.0000,2.1999,0.0022
1,950.9230,586.8190,586818.9999,6,1.0-586593-589483,290.0000,1.0000,1,6,True,586593.0000,589483.0000,225.9999,0.2260
1,951.0017,586.8977,586897.6999,6,1.0-586593-589483,290.0000,1.0000,1,6,True,586593.0000,589483.0000,304.6999,0.3047
1,951.0514,586.9474,586947.3999,6,1.0-586593-589483,290.0000,1.0000,1,6,True,586593.0000,589483.0000,354.3999,0.3544
1,951.1221,587.0181,587018.0999,6,1.0-586593-589483,290.0000,1.0000,1,6,True,586593.0000,589483.0000,425.0999,0.4251
1,951.2613,587.1573,587157.2999,6,1.0-586593-589483,290.0000,1.0000,1,6,True,586593.0000,589483.0000,564.2999,0.5643
1,951.2863,587.1823,587182.2999,6,1.0-586593-589483,290.0000,1.0000,1,6,True,586593.0000,589483.0000,589.2999,0.5893
1,951.3250,587.2210,587220.9999,6,1.0-586593-589483,290.0000,1.0000,1,6,True,586593.0000,589483.0000,627.9999,0.6280
1,951.3461,587.2421,587242.0999,6,1.0-586593-589483,290.0000,1.0000,1,6,True,586593.0000,589483.0000,649.0999,0.6491
1,951.3486,587.2446,587244.5999,6,1.0-586593-589483,290.0000,1.0000,1,6,True,586593.0000,589483.0000,651.5999,0.6516
1,951.3674,587.2634,587263.3999,6,1.0-586593-589483,290.0000,1.0000,1,6,True,586593.0000,589483.0000,670.3999,0.6704
1,951.4152,587.3112,587311.1999,6,1.0-586593-589483,290.0000,1.0000,1,6,True,586593.0000,589483.0000,718.1999,0.7182
1,951.4909,587.3869,587386.8999,6,1.0-586593-589483,290.0000,1.0000,1,6,True,586593.0000,589483.0000,793.8999,0.7939
1,951.5603,587.4563,587456.2999,6,1.0-586593-589483,290.0000,1.0000,1,6,True,586593.0000,589483.0000,863.2999,0.8633
1,951.8846,587.7806,587780.5999,6,1.0-586593-589483,290.0000,1.0000,1,6,True,586593.0000,589483.0000,1187.5999,1.1876
1,951.9810,587.8770,587876.9999,6,1.0-586593-589483,290.0000,1.0000,1,6,True,586593.0000,589483.0000,1283.9999,1.2840
1,952.2320,588.1280,588127.9999,6,1.0-586593-589483,290.0000,1.0000,1,6,True,586593.0000,589483.0000,1534.9999,1.5350
1,952.4144,588.3104,588310.3999,6,1.0-586593-589483,290.0000,1.0000,1,6,True,586593.0000,589483.0000,1717.3999,1.7174
1,952.7704,588.6664,588666.3999,6,1.0-586593-589483,290.0000,1.0000,1,6,True,586593.0000,589483.0000,2073.3999,2.0734
1,952.8357,588.7317,588731.6999,6,1.0-586593-589483,290.0000,1.0000,1,6,True,586593.0000,589483.0000,2138.6999,2.1387
1,952.9140,588.8100,588809.9999,6,1.0-586593-589483,290.0000,1.0000,1,6,True,586593.0000,589483.0000,2216.9999,2.2170
1,952.9633,588.8593,588859.2999,6,1.0-586593-589483,290.0000,1.0000,1,6,True,586593.0000,589483.0000,2266.2999,2.2663
1,953.0891,588.9851,588985.0999,6,1.0-586593-589483,290.0000,1.0000,1,6,True,586593.0000,589483.0000,2392.0999,2.3921
1,953.1288,589.0248,589024.7999,6,1.0-586593-589483,290.0000,1.0000,1,6,True,586593.0000,589483.0000,2431.7999,2.4318
1,953.1587,589.0547,589054.6999,6,1.0-586593-589483,290.0000,1.0000,1,6,True,586593.0000,589483.0000,2461.6999,2.4617
1,953.5229,589.4189,589418.8999,6,1.0-586593-589483,290.0000,1.0000,1,6,True,586593.0000,589483.0000,2825.8999,2.8259
1,1864.9207,1500.8167,1500816.6999,7,1.0-1500398-1502858,600.0000,1.0000,1,7,True,1500398.0000,1502858.0000,418.6999,0.4187
1,1865.0997,1500.9957,1500995.6999,7,1.0-1500398-1502858,600.0000,1.0000,1,7,True,1500398.0000,1502858.0000,597.6999,0.5977
1,1865.2201,1501.1161,1501116.0999,7,1.0-1500398-1502858,600.0000,1.0000,1,7,True,1500398.0000,1502858.0000,718.0999,0.7181
1,1865.5890,1501.4850,1501484.9999,7,1.0-1500398-1502858,600.0000,1.0000,1,7,True,1500398.0000,1502858.0000,1086.9999,1.0870
1,1865.7499,1501.6459,1501645.8999,7,1.0-1500398-1502858,600.0000,1.0000,1,7,True,1500398.0000,1502858.0000,1247.8999,1.2479
1,1866.0369,1501.9329,1501932.8999,7,1.0-1500398-1502858,600.0000,1.0000,1,7,True,1500398.0000,1502858.0000,1534.8999,1.5349
1,1866.1736,1502.0696,1502069.5999,7,1.0-1500398-1502858,600.0000,1.0000,1,7,True,1500398.0000,1502858.0000,1671.5999,1.6716
1,1866.4270,1502.3230,1502322.9999,7,1.0-1500398-1502858,600.0000,1.0000,1,7,True,1500398.0000,1502858.0000,1924.9999,1.9250
1,1866.4600,1502.3560,1502355.9999,7,1.0-1500398-1502858,600.0000,1.0000,1,7,True,1500398.0000,1502858.0000,1957.9999,1.9580
1,1866.5193,1502.4153,1502415.2999,7,1.0-1500398-1502858,600.0000,1.0000,1,7,True,1500398.0000,1502858.0000,2017.2999,2.0173
1,1866.5857,1502.4817,1502481.6999,7,1.0-1500398-1502858,600.0000,1.0000,1,7,True,1500398.0000,1502858.0000,2083.6999,2.0837
1,404.6748,40.5708,40570.7999,8,1.0-40539-43049,22.0000,1.0000,0,44,True,40539.0000,43049.0000,31.7999,0.0318
1,404.8279,40.7239,40723.8999,8,1.0-40539-43049,22.0000,1.0000,0,44,True,40539.0000,43049.0000,184.8999,0.1849
1,405.0984,40.9944,40994.3999,8,1.0-40539-43049,22.0000,1.0000,0,44,True,40539.0000,43049.0000,455.3999,0.4554
1,405.7483,41.6443,41644.2999,8,1.0-40539-43049,22.0000,1.0000,0,44,True,40539.0000,43049.0000,1105.2999,1.1053
1,405.9772,41.8732,41873.1999,8,1.0-40539-43049,22.0000,1.0000,0,44,True,40539.0000,43049.0000,1334.1999,1.3342
1,406.1801,42.0761,42076.0999,8,1.0-40539-43049,22.0000,1.0000,0,44,True,40539.0000,43049.0000,1537.0999,1.5371
1,406.2007,42.0967,42096.6999,8,1.0-40539-43049,22.0000,1.0000,0,44,True,40539.0000,43049.0000,1557.6999,1.5577
1,406.4029,42.2989,42298.8999,8,1.0-40539-43049,22.0000,1.0000,0,44,True,40539.0000,43049.0000,1759.8999,1.7599
1,406.6254,42.5214,42521.3999,8,1.0-40539-43049,22.0000,1.0000,0,44,True,40539.0000,43049.0000,1982.3999,1.9824
1,1522.2953,1158.1913,1158191.2999,9,1.0-1156870-1158940,477.0000,1.0000,1,8,True,1156870.0000,1158940.0000,1321.2999,1.3213
1,1522.3083,1158.2043,1158204.2999,9,1.0-1156870-1158940,477.0000,1.0000,1,8,True,1156870.0000,1158940.0000,1334.2999,1.3343
1,1522.3710,1158.2670,1158266.9999,9,1.0-1156870-1158940,477.0000,1.0000,1,8,True,1156870.0000,1158940.0000,1396.9999,1.3970
1,575.4753,211.3713,211371.2999,10,1.0-209934-212143,126.0000,1.0000,1,9,True,209934.0000,212143.0000,1437.2999,1.4373
1,575.7138,211.6098,211609.7999,10,1.0-209934-212143,126.0000,1.0000,1,9,True,209934.0000,212143.0000,1675.7999,1.6758
1,575.7540,211.6500,211649.9999,10,1.0-209934-212143,126.0000,1.0000,1,9,True,209934.0000,212143.0000,1715.9999,1.7160
1,576.0918,211.9878,211987.7999,10,1.0-209934-212143,126.0000,1.0000,1,9,True,209934.0000,212143.0000,2053.7999,2.0538
1,855.6926,491.5886,491588.5999,11,1.0-491435-493175,257.0000,1.0000,1,10,True,491435.0000,493175.0000,153.5999,0.1536
1,856.0670,491.9630,491962.9999,11,1.0-491435-493175,257.0000,1.0000,1,10,True,491435.0000,493175.0000,527.9999,0.5280
1,2415.5902,2051.4862,2051486.1999,12,1.0-2051190-2052120,852.0000,1.0000,1,11,True,2051190.0000,2052120.0000,296.1999,0.2962
1,2415.8849,2051.7809,2051780.8999,12,1.0-2051190-2052120,852.0000,1.0000,1,11,True,2051190.0000,2052120.0000,590.8999,0.5909
1,816.8331,452.7291,452729.0999,13,1.0-451431-453261,246.0000,1.0000,0,45,True,451431.0000,453261.0000,1298.0999,1.2981
1,817.3168,453.2128,453212.7999,13,1.0-451431-453261,246.0000,1.0000,0,45,True,451431.0000,453261.0000,1781.7999,1.7818
1,1363.0955,998.9915,998991.4999,14,1.0-998686-999526,429.0000,1.0000,0,46,True,998686.0000,999526.0000,305.4999,0.3055
1,1363.3064,999.2024,999202.3999,14,1.0-998686-999526,429.0000,1.0000,0,46,True,998686.0000,999526.0000,516.3999,0.5164
1,401.7305,37.6265,37626.4999,15,1.0-37569-38669,19.0000,1.0000,0,47,True,37569.0000,38669.0000,57.4999,0.0575
1,401.8243,37.7203,37720.2999,15,1.0-37569-38669,19.0000,1.0000,0,47,True,37569.0000,38669.0000,151.2999,0.1513
1,402.1233,38.0193,38019.2999,15,1.0-37569-38669,19.0000,1.0000,0,47,True,37569.0000,38669.0000,450.2999,0.4503
1,402.2338,38.1298,38129.7999,15,1.0-37569-38669,19.0000,1.0000,0,47,True,37569.0000,38669.0000,560.7999,0.5608
1,402.2560,38.1520,38151.9999,15,1.0-37569-38669,19.0000,1.0000,0,47,True,37569.0000,38669.0000,582.9999,0.5830
1,402.4055,38.3015,38301.4999,15,1.0-37569-38669,19.0000,1.0000,0,47,True,37569.0000,38669.0000,732.4999,0.7325
1,402.5987,38.4947,38494.6999,15,1.0-37569-38669,19.0000,1.0000,0,47,True,37569.0000,38669.0000,925.6999,0.9257
1,2260.0082,1895.9042,1895904.1999,16,1.0-1895842-1898072,799.0000,1.0000,0,48,True,1895842.0000,1898072.0000,62.1999,0.0622
1,2260.1207,1896.0167,1896016.6999,16,1.0-1895842-1898072,799.0000,1.0000,0,48,True,1895842.0000,1898072.0000,174.6999,0.1747
1,2260.1315,1896.0275,1896027.4999,16,1.0-1895842-1898072,799.0000,1.0000,0,48,True,1895842.0000,1898072.0000,185.4999,0.1855
1,2260.5756,1896.4716,1896471.5999,16,1.0-1895842-1898072,799.0000,1.0000,0,48,True,1895842.0000,1898072.0000,629.5999,0.6296
1,2260.7007,1896.5967,1896596.6999,16,1.0-1895842-1898072,799.0000,1.0000,0,48,True,1895842.0000,1898072.0000,754.6999,0.7547
1,2260.7202,1896.6162,1896616.1999,16,1.0-1895842-1898072,799.0000,1.0000,0,48,True,1895842.0000,1898072.0000,774.1999,0.7742
1,2260.8007,1896.6967,1896696.6999,16,1.0-1895842-1898072,799.0000,1.0000,0,48,True,1895842.0000,1898072.0000,854.6999,0.8547
1,2260.8701,1896.7661,1896766.0999,16,1.0-1895842-1898072,799.0000,1.0000,0,48,True,1895842.0000,1898072.0000,924.0999,0.9241
1,2261.2549,1897.1509,1897150.8999,16,1.0-1895842-1898072,799.0000,1.0000,0,48,True,1895842.0000,1898072.0000,1308.8999,1.3089
1,2261.3074,1897.2034,1897203.3999,16,1.0-1895842-1898072,799.0000,1.0000,0,48,True,1895842.0000,1898072.0000,1361.3999,1.3614
1,2262.1378,1898.0338,1898033.7999,16,1.0-1895842-1898072,799.0000,1.0000,0,48,True,1895842.0000,1898072.0000,2191.7999,2.1918
1,980.7639,616.6599,616659.8999,17,1.0-616388-621378,300.0000,1.0000,1,12,True,616388.0000,621378.0000,271.8999,0.2719
1,980.8224,616.7184,616718.3999,17,1.0-616388-621378,300.0000,1.0000,1,12,True,616388.0000,621378.0000,330.3999,0.3304
1,980.9830,616.8790,616878.9999,17,1.0-616388-621378,300.0000,1.0000,1,12,True,616388.0000,621378.0000,490.9999,0.4910
1,981.1429,617.0389,617038.8999,17,1.0-616388-621378,300.0000,1.0000,1,12,True,616388.0000,621378.0000,650.8999,0.6509
1,981.2526,617.1486,617148.5999,17,1.0-616388-621378,300.0000,1.0000,1,12,True,616388.0000,621378.0000,760.5999,0.7606
1,981.2600,617.1560,617155.9999,17,1.0-616388-621378,300.0000,1.0000,1,12,True,616388.0000,621378.0000,767.9999,0.7680
1,981.2754,617.1714,617171.3999,17,1.0-616388-621378,300.0000,1.0000,1,12,True,616388.0000,621378.0000,783.3999,0.7834
1,981.3711,617.2671,617267.0999,17,1.0-616388-621378,300.0000,1.0000,1,12,True,616388.0000,621378.0000,879.0999,0.8791
1,981.4590,617.3550,617354.9999,17,1.0-616388-621378,300.0000,1.0000,1,12,True,616388.0000,621378.0000,966.9999,0.9670
1,981.4887,617.3847,617384.6999,17,1.0-616388-621378,300.0000,1.0000,1,12,True,616388.0000,621378.0000,996.6999,0.9967
1,981.5803,617.4763,617476.2999,17,1.0-616388-621378,300.0000,1.0000,1,12,True,616388.0000,621378.0000,1088.2999,1.0883
1,981.6381,617.5341,617534.0999,17,1.0-616388-621378,300.0000,1.0000,1,12,True,616388.0000,621378.0000,1146.0999,1.1461
1,981.7245,617.6205,617620.4999,17,1.0-616388-621378,300.0000,1.0000,1,12,True,616388.0000,621378.0000,1232.4999,1.2325
1,981.7874,617.6834,617683.3999,17,1.0-616388-621378,300.0000,1.0000,1,12,True,616388.0000,621378.0000,1295.3999,1.2954
1,981.8446,617.7406,617740.5999,17,1.0-616388-621378,300.0000,1.0000,1,12,True,616388.0000,621378.0000,1352.5999,1.3526
1,981.9524,617.8484,617848.3999,17,1.0-616388-621378,300.0000,1.0000,1,12,True,616388.0000,621378.0000,1460.3999,1.4604
1,982.0835,617.9795,617979.4999,17,1.0-616388-621378,300.0000,1.0000,1,12,True,616388.0000,621378.0000,1591.4999,1.5915
1,982.2352,618.1312,618131.1999,17,1.0-616388-621378,300.0000,1.0000,1,12,True,616388.0000,621378.0000,1743.1999,1.7432
1,982.6116,618.5076,618507.5999,17,1.0-616388-621378,300.0000,1.0000,1,12,True,616388.0000,621378.0000,2119.5999,2.1196
1,982.7747,618.6707,618670.6999,17,1.0-616388-621378,300.0000,1.0000,1,12,True,616388.0000,621378.0000,2282.6999,2.2827
1,982.9554,618.8514,618851.3999,17,1.0-616388-621378,300.0000,1.0000,1,12,True,616388.0000,621378.0000,2463.3999,2.4634
1,983.0536,618.9496,618949.5999,17,1.0-616388-621378,300.0000,1.0000,1,12,True,616388.0000,621378.0000,2561.5999,2.5616
1,983.6315,619.5275,619527.4999,17,1.0-616388-621378,300.0000,1.0000,1,12,True,616388.0000,621378.0000,3139.4999,3.1395
1,984.4809,620.3769,620376.8999,17,1.0-616388-621378,300.0000,1.0000,1,12,True,616388.0000,621378.0000,3988.8999,3.9889
1,984.6770,620.5730,620572.9999,17,1.0-616388-621378,300.0000,1.0000,1,12,True,616388.0000,621378.0000,4184.9999,4.1850
1,2444.9158,2080.8118,2080811.7999,18,1.0-2080618-2082828,867.0000,1.0000,1,13,True,2080618.0000,2082828.0000,193.7999,0.1938
1,2235.4586,1871.3546,1871354.5999,19,1.0-1871218-1873358,783.0000,1.0000,1,14,True,1871218.0000,1873358.0000,136.5999,0.1366
1,2235.4829,1871.3789,1871378.8999,19,1.0-1871218-1873358,783.0000,1.0000,1,14,True,1871218.0000,1873358.0000,160.8999,0.1609
1,2235.4912,1871.3872,1871387.1999,19,1.0-1871218-1873358,783.0000,1.0000,1,14,True,1871218.0000,1873358.0000,169.1999,0.1692
1,2235.6768,1871.5728,1871572.7999,19,1.0-1871218-1873358,783.0000,1.0000,1,14,True,1871218.0000,1873358.0000,354.7999,0.3548
1,2236.5493,1872.4453,1872445.2999,19,1.0-1871218-1873358,783.0000,1.0000,1,14,True,1871218.0000,1873358.0000,1227.2999,1.2273
1,2236.7668,1872.6628,1872662.7999,19,1.0-1871218-1873358,783.0000,1.0000,1,14,True,1871218.0000,1873358.0000,1444.7999,1.4448
1,2237.0174,1872.9134,1872913.3999,19,1.0-1871218-1873358,783.0000,1.0000,1,14,True,1871218.0000,1873358.0000,1695.3999,1.6954
1,2237.0734,1872.9694,1872969.3999,19,1.0-1871218-1873358,783.0000,1.0000,1,14,True,1871218.0000,1873358.0000,1751.3999,1.7514
1,2237.2267,1873.1227,1873122.6999,19,1.0-1871218-1873358,783.0000,1.0000,1,14,True,1871218.0000,1873358.0000,1904.6999,1.9047
1,1921.0473,1556.9433,1556943.2999,20,1.0-1556785-1561775,634.0000,1.0000,1,15,True,1556785.0000,1561775.0000,158.2999,0.1583
1,1921.5933,1557.4893,1557489.2999,20,1.0-1556785-1561775,634.0000,1.0000,1,15,True,1556785.0000,1561775.0000,704.2999,0.7043
1,1921.7112,1557.6072,1557607.1999,20,1.0-1556785-1561775,634.0000,1.0000,1,15,True,1556785.0000,1561775.0000,822.1999,0.8222
1,1921.7721,1557.6681,1557668.0999,20,1.0-1556785-1561775,634.0000,1.0000,1,15,True,1556785.0000,1561775.0000,883.0999,0.8831
1,1921.7769,1557.6729,1557672.8999,20,1.0-1556785-1561775,634.0000,1.0000,1,15,True,1556785.0000,1561775.0000,887.8999,0.8879
1,1922.7612,1558.6572,1558657.1999,20,1.0-1556785-1561775,634.0000,1.0000,1,15,True,1556785.0000,1561775.0000,1872.1999,1.8722
1,1922.7725,1558.6685,1558668.4999,20,1.0-1556785-1561775,634.0000,1.0000,1,15,True,1556785.0000,1561775.0000,1883.4999,1.8835
1,1922.8338,1558.7298,1558729.7999,20,1.0-1556785-1561775,634.0000,1.0000,1,15,True,1556785.0000,1561775.0000,1944.7999,1.9448
1,1923.5479,1559.4439,1559443.8999,20,1.0-1556785-1561775,634.0000,1.0000,1,15,True,1556785.0000,1561775.0000,2658.8999,2.6589
1,1923.5933,1559.4893,1559489.2999,20,1.0-1556785-1561775,634.0000,1.0000,1,15,True,1556785.0000,1561775.0000,2704.2999,2.7043
1,1923.8028,1559.6988,1559698.7999,20,1.0-1556785-1561775,634.0000,1.0000,1,15,True,1556785.0000,1561775.0000,2913.7999,2.9138
1,1923.8309,1559.7269,1559726.8999,20,1.0-1556785-1561775,634.0000,1.0000,1,15,True,1556785.0000,1561775.0000,2941.8999,2.9419
1,1923.9636,1559.8596,1559859.5999,20,1.0-1556785-1561775,634.0000,1.0000,1,15,True,1556785.0000,1561775.0000,3074.5999,3.0746
1,1924.0394,1559.9354,1559935.3999,20,1.0-1556785-1561775,634.0000,1.0000,1,15,True,1556785.0000,1561775.0000,3150.3999,3.1504
1,1924.1731,1560.0691,1560069.0999,20,1.0-1556785-1561775,634.0000,1.0000,1,15,True,1556785.0000,1561775.0000,3284.0999,3.2841
1,1924.8270,1560.7230,1560722.9999,20,1.0-1556785-1561775,634.0000,1.0000,1,15,True,1556785.0000,1561775.0000,3937.9999,3.9380
1,1924.8539,1560.7499,1560749.8999,20,1.0-1556785-1561775,634.0000,1.0000,1,15,True,1556785.0000,1561775.0000,3964.8999,3.9649
1,1924.8814,1560.7774,1560777.3999,20,1.0-1556785-1561775,634.0000,1.0000,1,15,True,1556785.0000,1561775.0000,3992.3999,3.9924
1,1924.8881,1560.7841,1560784.0999,20,1.0-1556785-1561775,634.0000,1.0000,1,15,True,1556785.0000,1561775.0000,3999.0999,3.9991
1,1924.8984,1560.7944,1560794.3999,20,1.0-1556785-1561775,634.0000,1.0000,1,15,True,1556785.0000,1561775.0000,4009.3999,4.0094
1,1924.9039,1560.7999,1560799.8999,20,1.0-1556785-1561775,634.0000,1.0000,1,15,True,1556785.0000,1561775.0000,4014.8999,4.0149
1,1924.9407,1560.8367,1560836.6999,20,1.0-1556785-1561775,634.0000,1.0000,1,15,True,1556785.0000,1561775.0000,4051.6999,4.0517
1,1924.9442,1560.8402,1560840.1999,20,1.0-1556785-1561775,634.0000,1.0000,1,15,True,1556785.0000,1561775.0000,4055.1999,4.0552
1,1925.5589,1561.4549,1561454.8999,20,1.0-1556785-1561775,634.0000,1.0000,1,15,True,1556785.0000,1561775.0000,4669.8999,4.6699
1,1925.7335,1561.6295,1561629.4999,20,1.0-1556785-1561775,634.0000,1.0000,1,15,True,1556785.0000,1561775.0000,4844.4999,4.8445
1,1925.8522,1561.7482,1561748.1999,20,1.0-1556785-1561775,634.0000,1.0000,1,15,True,1556785.0000,1561775.0000,4963.1999,4.9632
1,1925.8645,1561.7605,1561760.4999,20,1.0-1556785-1561775,634.0000,1.0000,1,15,True,1556785.0000,1561775.0000,4975.4999,4.9755
1,1445.3623,1081.2583,1081258.2999,21,1.0-1080664-1085654,458.0000,1.0000,1,16,True,1080664.0000,1085654.0000,594.2999,0.5943
1,1445.6603,1081.5563,1081556.2999,21,1.0-1080664-1085654,458.0000,1.0000,1,16,True,1080664.0000,1085654.0000,892.2999,0.8923
1,1445.7269,1081.6229,1081622.8999,21,1.0-1080664-1085654,458.0000,1.0000,1,16,True,1080664.0000,1085654.0000,958.8999,0.9589
1,1445.7519,1081.6479,1081647.8999,21,1.0-1080664-1085654,458.0000,1.0000,1,16,True,1080664.0000,1085654.0000,983.8999,0.9839
1,1445.8258,1081.7218,1081721.7999,21,1.0-1080664-1085654,458.0000,1.0000,1,16,True,1080664.0000,1085654.0000,1057.7999,1.0578
1,1445.9333,1081.8293,1081829.2999,21,1.0-1080664-1085654,458.0000,1.0000,1,16,True,1080664.0000,1085654.0000,1165.2999,1.1653
1,1445.9488,1081.8448,1081844.7999,21,1.0-1080664-1085654,458.0000,1.0000,1,16,True,1080664.0000,1085654.0000,1180.7999,1.1808
1,1446.0488,1081.9448,1081944.7999,21,1.0-1080664-1085654,458.0000,1.0000,1,16,True,1080664.0000,1085654.0000,1280.7999,1.2808
1,1446.0911,1081.9871,1081987.0999,21,1.0-1080664-1085654,458.0000,1.0000,1,16,True,1080664.0000,1085654.0000,1323.0999,1.3231
1,1446.1590,1082.0550,1082054.9999,21,1.0-1080664-1085654,458.0000,1.0000,1,16,True,1080664.0000,1085654.0000,1390.9999,1.3910
1,1446.1894,1082.0854,1082085.3999,21,1.0-1080664-1085654,458.0000,1.0000,1,16,True,1080664.0000,1085654.0000,1421.3999,1.4214
1,1446.2937,1082.1897,1082189.6999,21,1.0-1080664-1085654,458.0000,1.0000,1,16,True,1080664.0000,1085654.0000,1525.6999,1.5257
1,1446.3376,1082.2336,1082233.5999,21,1.0-1080664-1085654,458.0000,1.0000,1,16,True,1080664.0000,1085654.0000,1569.5999,1.5696
1,1446.3823,1082.2783,1082278.2999,21,1.0-1080664-1085654,458.0000,1.0000,1,16,True,1080664.0000,1085654.0000,1614.2999,1.6143
1,1446.4973,1082.3933,1082393.2999,21,1.0-1080664-1085654,458.0000,1.0000,1,16,True,1080664.0000,1085654.0000,1729.2999,1.7293
1,1446.5731,1082.4691,1082469.0999,21,1.0-1080664-1085654,458.0000,1.0000,1,16,True,1080664.0000,1085654.0000,1805.0999,1.8051
1,1446.7095,1082.6055,1082605.4999,21,1.0-1080664-1085654,458.0000,1.0000,1,16,True,1080664.0000,1085654.0000,1941.4999,1.9415
1,1447.2225,1083.1185,1083118.4999,21,1.0-1080664-1085654,458.0000,1.0000,1,16,True,1080664.0000,1085654.0000,2454.4999,2.4545
1,1447.4715,1083.3675,1083367.4999,21,1.0-1080664-1085654,458.0000,1.0000,1,16,True,1080664.0000,1085654.0000,2703.4999,2.7035
1,1448.3898,1084.2858,1084285.7999,21,1.0-1080664-1085654,458.0000,1.0000,1,16,True,1080664.0000,1085654.0000,3621.7999,3.6218
1,1448.6990,1084.5950,1084594.9999,21,1.0-1080664-1085654,458.0000,1.0000,1,16,True,1080664.0000,1085654.0000,3930.9999,3.9310
1,1448.7114,1084.6074,1084607.3999,21,1.0-1080664-1085654,458.0000,1.0000,1,16,True,1080664.0000,1085654.0000,3943.3999,3.9434
1,1449.0834,1084.9794,1084979.3999,21,1.0-1080664-1085654,458.0000,1.0000,1,16,True,1080664.0000,1085654.0000,4315.3999,4.3154
1,1449.1089,1085.0049,1085004.8999,21,1.0-1080664-1085654,458.0000,1.0000,1,16,True,1080664.0000,1085654.0000,4340.8999,4.3409
1,1449.1448,1085.0408,1085040.7999,21,1.0-1080664-1085654,458.0000,1.0000,1,16,True,1080664.0000,1085654.0000,4376.7999,4.3768
1,1449.2644,1085.1604,1085160.3999,21,1.0-1080664-1085654,458.0000,1.0000,1,16,True,1080664.0000,1085654.0000,4496.3999,4.4964
1,887.1894,523.0854,523085.3999,22,1.0-522899-527919,267.0000,1.0000,1,17,True,522899.0000,527919.0000,186.3999,0.1864
1,887.2081,523.1041,523104.0999,22,1.0-522899-527919,267.0000,1.0000,1,17,True,522899.0000,527919.0000,205.0999,0.2051
1,887.2416,523.1376,523137.5999,22,1.0-522899-527919,267.0000,1.0000,1,17,True,522899.0000,527919.0000,238.5999,0.2386
1,887.3249,523.2209,523220.8999,22,1.0-522899-527919,267.0000,1.0000,1,17,True,522899.0000,527919.0000,321.8999,0.3219
1,887.3544,523.2504,523250.3999,22,1.0-522899-527919,267.0000,1.0000,1,17,True,522899.0000,527919.0000,351.3999,0.3514
1,887.4090,523.3050,523304.9999,22,1.0-522899-527919,267.0000,1.0000,1,17,True,522899.0000,527919.0000,405.9999,0.4060
1,887.7332,523.6292,523629.1999,22,1.0-522899-527919,267.0000,1.0000,1,17,True,522899.0000,527919.0000,730.1999,0.7302
1,887.8029,523.6989,523698.8999,22,1.0-522899-527919,267.0000,1.0000,1,17,True,522899.0000,527919.0000,799.8999,0.7999
1,887.8361,523.7321,523732.0999,22,1.0-522899-527919,267.0000,1.0000,1,17,True,522899.0000,527919.0000,833.0999,0.8331
1,888.6773,524.5733,524573.2999,22,1.0-522899-527919,267.0000,1.0000,1,17,True,522899.0000,527919.0000,1674.2999,1.6743
1,888.9394,524.8354,524835.3999,22,1.0-522899-527919,267.0000,1.0000,1,17,True,522899.0000,527919.0000,1936.3999,1.9364
1,891.6669,527.5629,527562.8999,22,1.0-522899-527919,267.0000,1.0000,1,17,True,522899.0000,527919.0000,4663.8999,4.6639
1,891.6839,527.5799,527579.8999,22,1.0-522899-527919,267.0000,1.0000,1,17,True,522899.0000,527919.0000,4680.8999,4.6809
1,891.6876,527.5836,527583.5999,22,1.0-522899-527919,267.0000,1.0000,1,17,True,522899.0000,527919.0000,4684.5999,4.6846
1,891.6973,527.5933,527593.2999,22,1.0-522899-527919,267.0000,1.0000,1,17,True,522899.0000,527919.0000,4694.2999,4.6943
1,891.6995,527.5955,527595.4999,22,1.0-522899-527919,267.0000,1.0000,1,17,True,522899.0000,527919.0000,4696.4999,4.6965
1,891.7175,527.6135,527613.4999,22,1.0-522899-527919,267.0000,1.0000,1,17,True,522899.0000,527919.0000,4714.4999,4.7145
1,2754.2318,2390.1278,2390127.7999,24,1.0-2390080-2395080,981.0000,1.0000,1,19,True,2390080.0000,2395080.0000,47.7999,0.0478
1,2754.2454,2390.1414,2390141.3999,24,1.0-2390080-2395080,981.0000,1.0000,1,19,True,2390080.0000,2395080.0000,61.3999,0.0614
1,2754.2693,2390.1653,2390165.2999,24,1.0-2390080-2395080,981.0000,1.0000,1,19,True,2390080.0000,2395080.0000,85.2999,0.0853
1,2754.9314,2390.8274,2390827.3999,24,1.0-2390080-2395080,981.0000,1.0000,1,19,True,2390080.0000,2395080.0000,747.3999,0.7474
1,2755.1358,2391.0318,2391031.7999,24,1.0-2390080-2395080,981.0000,1.0000,1,19,True,2390080.0000,2395080.0000,951.7999,0.9518
1,2755.4790,2391.3750,2391374.9999,24,1.0-2390080-2395080,981.0000,1.0000,1,19,True,2390080.0000,2395080.0000,1294.9999,1.2950
1,2755.9201,2391.8161,2391816.0999,24,1.0-2390080-2395080,981.0000,1.0000,1,19,True,2390080.0000,2395080.0000,1736.0999,1.7361
1,2756.1107,2392.0067,2392006.6999,24,1.0-2390080-2395080,981.0000,1.0000,1,19,True,2390080.0000,2395080.0000,1926.6999,1.9267
1,2756.9376,2392.8336,2392833.5999,24,1.0-2390080-2395080,981.0000,1.0000,1,19,True,2390080.0000,2395080.0000,2753.5999,2.7536
1,2757.7710,2393.6670,2393666.9999,24,1.0-2390080-2395080,981.0000,1.0000,1,19,True,2390080.0000,2395080.0000,3586.9999,3.5870
1,2758.3996,2394.2956,2394295.5999,24,1.0-2390080-2395080,981.0000,1.0000,1,19,True,2390080.0000,2395080.0000,4215.5999,4.2156
1,2758.6439,2394.5399,2394539.8999,24,1.0-2390080-2395080,981.0000,1.0000,1,19,True,2390080.0000,2395080.0000,4459.8999,4.4599
1,2758.9530,2394.8490,2394848.9999,24,1.0-2390080-2395080,981.0000,1.0000,1,19,True,2390080.0000,2395080.0000,4768.9999,4.7690
1,2759.0483,2394.9443,2394944.2999,24,1.0-2390080-2395080,981.0000,1.0000,1,19,True,2390080.0000,2395080.0000,4864.2999,4.8643
1,2759.0843,2394.9803,2394980.2999,24,1.0-2390080-2395080,981.0000,1.0000,1,19,True,2390080.0000,2395080.0000,4900.2999,4.9003
1,2596.4244,2232.3204,2232320.3999,25,1.0-2232062-2233472,922.0000,1.0000,0,49,True,2232062.0000,2233472.0000,258.3999,0.2584
1,2596.7922,2232.6882,2232688.1999,25,1.0-2232062-2233472,922.0000,1.0000,0,49,True,2232062.0000,2233472.0000,626.1999,0.6262
1,2597.0886,2232.9846,2232984.5999,25,1.0-2232062-2233472,922.0000,1.0000,0,49,True,2232062.0000,2233472.0000,922.5999,0.9226
1,2597.1121,2233.0081,2233008.0999,25,1.0-2232062-2233472,922.0000,1.0000,0,49,True,2232062.0000,2233472.0000,946.0999,0.9461
1,2597.1308,2233.0268,2233026.7999,25,1.0-2232062-2233472,922.0000,1.0000,0,49,True,2232062.0000,2233472.0000,964.7999,0.9648
1,2597.2275,2233.1235,2233123.4999,25,1.0-2232062-2233472,922.0000,1.0000,0,49,True,2232062.0000,2233472.0000,1061.4999,1.0615
1,2597.2371,2233.1331,2233133.0999,25,1.0-2232062-2233472,922.0000,1.0000,0,49,True,2232062.0000,2233472.0000,1071.0999,1.0711
1,2597.3142,2233.2102,2233210.1999,25,1.0-2232062-2233472,922.0000,1.0000,0,49,True,2232062.0000,2233472.0000,1148.1999,1.1482
1,2597.4871,2233.3831,2233383.0999,25,1.0-2232062-2233472,922.0000,1.0000,0,49,True,2232062.0000,2233472.0000,1321.0999,1.3211
1,2597.5731,2233.4691,2233469.0999,25,1.0-2232062-2233472,922.0000,1.0000,0,49,True,2232062.0000,2233472.0000,1407.0999,1.4071
1,2374.8374,2010.7334,2010733.3999,26,1.0-2010651-2012821,835.0000,1.0000,0,50,True,2010651.0000,2012821.0000,82.3999,0.0824
1,2375.3544,2011.2504,2011250.3999,26,1.0-2010651-2012821,835.0000,1.0000,0,50,True,2010651.0000,2012821.0000,599.3999,0.5994
1,2375.5843,2011.4803,2011480.2999,26,1.0-2010651-2012821,835.0000,1.0000,0,50,True,2010651.0000,2012821.0000,829.2999,0.8293
1,2375.6472,2011.5432,2011543.1999,26,1.0-2010651-2012821,835.0000,1.0000,0,50,True,2010651.0000,2012821.0000,892.1999,0.8922
1,2375.9717,2011.8677,2011867.6999,26,1.0-2010651-2012821,835.0000,1.0000,0,50,True,2010651.0000,2012821.0000,1216.6999,1.2167
1,2376.1277,2012.0237,2012023.6999,26,1.0-2010651-2012821,835.0000,1.0000,0,50,True,2010651.0000,2012821.0000,1372.6999,1.3727
1,2376.1536,2012.0496,2012049.5999,26,1.0-2010651-2012821,835.0000,1.0000,0,50,True,2010651.0000,2012821.0000,1398.5999,1.3986
1,2376.5278,2012.4238,2012423.7999,26,1.0-2010651-2012821,835.0000,1.0000,0,50,True,2010651.0000,2012821.0000,1772.7999,1.7728
1,1174.2740,810.1700,810169.9999,27,1.0-809205-812075,358.0000,1.0000,0,51,True,809205.0000,812075.0000,964.9999,0.9650
1,1174.4620,810.3580,810357.9999,27,1.0-809205-812075,358.0000,1.0000,0,51,True,809205.0000,812075.0000,1152.9999,1.1530
1,1174.6788,810.5748,810574.7999,27,1.0-809205-812075,358.0000,1.0000,0,51,True,809205.0000,812075.0000,1369.7999,1.3698
1,1174.9768,810.8728,810872.7999,27,1.0-809205-812075,358.0000,1.0000,0,51,True,809205.0000,812075.0000,1667.7999,1.6678
1,1175.0738,810.9698,810969.7999,27,1.0-809205-812075,358.0000,1.0000,0,51,True,809205.0000,812075.0000,1764.7999,1.7648
1,1175.0940,810.9900,810989.9999,27,1.0-809205-812075,358.0000,1.0000,0,51,True,809205.0000,812075.0000,1784.9999,1.7850
1,1175.7084,811.6044,811604.3999,27,1.0-809205-812075,358.0000,1.0000,0,51,True,809205.0000,812075.0000,2399.3999,2.3994
1,1175.7162,811.6122,811612.1999,27,1.0-809205-812075,358.0000,1.0000,0,51,True,809205.0000,812075.0000,2407.1999,2.4072
1,1175.9918,811.8878,811887.7999,27,1.0-809205-812075,358.0000,1.0000,0,51,True,809205.0000,812075.0000,2682.7999,2.6828
1,1176.0407,811.9367,811936.6999,27,1.0-809205-812075,358.0000,1.0000,0,51,True,809205.0000,812075.0000,2731.6999,2.7317
1,1967.5228,1603.4188,1603418.7999,28,1.0-1602762-1605542,650.0000,1.0000,0,52,True,1602762.0000,1605542.0000,656.7999,0.6568
1,1967.5983,1603.4943,1603494.2999,28,1.0-1602762-1605542,650.0000,1.0000,0,52,True,1602762.0000,1605542.0000,732.2999,0.7323
1,1967.7443,1603.6403,1603640.2999,28,1.0-1602762-1605542,650.0000,1.0000,0,52,True,1602762.0000,1605542.0000,878.2999,0.8783
1,1967.7740,1603.6700,1603669.9999,28,1.0-1602762-1605542,650.0000,1.0000,0,52,True,1602762.0000,1605542.0000,907.9999,0.9080
1,1967.8969,1603.7929,1603792.8999,28,1.0-1602762-1605542,650.0000,1.0000,0,52,True,1602762.0000,1605542.0000,1030.8999,1.0309
1,1968.0635,1603.9595,1603959.4999,28,1.0-1602762-1605542,650.0000,1.0000,0,52,True,1602762.0000,1605542.0000,1197.4999,1.1975
1,1968.5331,1604.4291,1604429.0999,28,1.0-1602762-1605542,650.0000,1.0000,0,52,True,1602762.0000,1605542.0000,1667.0999,1.6671
1,1968.6388,1604.5348,1604534.7999,28,1.0-1602762-1605542,650.0000,1.0000,0,52,True,1602762.0000,1605542.0000,1772.7999,1.7728
1,1968.6721,1604.5681,1604568.0999,28,1.0-1602762-1605542,650.0000,1.0000,0,52,True,1602762.0000,1605542.0000,1806.0999,1.8061
1,1969.0594,1604.9554,1604955.3999,28,1.0-1602762-1605542,650.0000,1.0000,0,52,True,1602762.0000,1605542.0000,2193.3999,2.1934
1,1969.0789,1604.9749,1604974.8999,28,1.0-1602762-1605542,650.0000,1.0000,0,52,True,1602762.0000,1605542.0000,2212.8999,2.2129
1,1969.0839,1604.9799,1604979.8999,28,1.0-1602762-1605542,650.0000,1.0000,0,52,True,1602762.0000,1605542.0000,2217.8999,2.2179
1,1969.1069,1605.0029,1605002.8999,28,1.0-1602762-1605542,650.0000,1.0000,0,52,True,1602762.0000,1605542.0000,2240.8999,2.2409
1,1969.1143,1605.0103,1605010.2999,28,1.0-1602762-1605542,650.0000,1.0000,0,52,True,1602762.0000,1605542.0000,2248.2999,2.2483
1,1969.4328,1605.3288,1605328.7999,28,1.0-1602762-1605542,650.0000,1.0000,0,52,True,1602762.0000,1605542.0000,2566.7999,2.5668
1,439.5362,75.4322,75432.1999,29,1.0-75105-75905,42.0000,1.0000,1,20,True,75105.0000,75905.0000,327.1999,0.3272
1,2709.8156,2345.7116,2345711.5999,30,1.0-2345704-2346964,962.0000,1.0000,1,21,True,2345704.0000,2346964.0000,7.5999,0.0076
1,2710.2491,2346.1451,2346145.0999,30,1.0-2345704-2346964,962.0000,1.0000,1,21,True,2345704.0000,2346964.0000,441.0999,0.4411
1,2710.2578,2346.1538,2346153.7999,30,1.0-2345704-2346964,962.0000,1.0000,1,21,True,2345704.0000,2346964.0000,449.7999,0.4498
1,2710.8912,2346.7872,2346787.1999,30,1.0-2345704-2346964,962.0000,1.0000,1,21,True,2345704.0000,2346964.0000,1083.1999,1.0832
1,2247.2094,1883.1054,1883105.3999,31,1.0-1882896-1884396,791.0000,1.0000,1,22,True,1882896.0000,1884396.0000,209.3999,0.2094
1,2247.4666,1883.3626,1883362.5999,31,1.0-1882896-1884396,791.0000,1.0000,1,22,True,1882896.0000,1884396.0000,466.5999,0.4666
1,2247.7290,1883.6250,1883624.9999,31,1.0-1882896-1884396,791.0000,1.0000,1,22,True,1882896.0000,1884396.0000,728.9999,0.7290
1,945.2504,581.1464,581146.3999,32,1.0-581121-582151,287.0000,1.0000,0,53,True,581121.0000,582151.0000,25.3999,0.0254
1,945.2830,581.1790,581178.9999,32,1.0-581121-582151,287.0000,1.0000,0,53,True,581121.0000,582151.0000,57.9999,0.0580
1,945.9874,581.8834,581883.3999,32,1.0-581121-582151,287.0000,1.0000,0,53,True,581121.0000,582151.0000,762.3999,0.7624
1,2421.7833,2057.6793,2057679.2999,34,1.0-2057596-2059676,857.0000,1.0000,1,24,True,2057596.0000,2059676.0000,83.2999,0.0833
1,2421.9349,2057.8309,2057830.8999,34,1.0-2057596-2059676,857.0000,1.0000,1,24,True,2057596.0000,2059676.0000,234.8999,0.2349
1,2422.5998,2058.4958,2058495.7999,34,1.0-2057596-2059676,857.0000,1.0000,1,24,True,2057596.0000,2059676.0000,899.7999,0.8998
1,2423.6407,2059.5367,2059536.6999,34,1.0-2057596-2059676,857.0000,1.0000,1,24,True,2057596.0000,2059676.0000,1940.6999,1.9407
1,2774.4605,2410.3565,2410356.4999,35,1.0-2410232-2411402,990.0000,1.0000,1,25,True,2410232.0000,2411402.0000,124.4999,0.1245
1,2774.5904,2410.4864,2410486.3999,35,1.0-2410232-2411402,990.0000,1.0000,1,25,True,2410232.0000,2411402.0000,254.3999,0.2544
1,2774.6184,2410.5144,2410514.3999,35,1.0-2410232-2411402,990.0000,1.0000,1,25,True,2410232.0000,2411402.0000,282.3999,0.2824
1,2774.8012,2410.6972,2410697.1999,35,1.0-2410232-2411402,990.0000,1.0000,1,25,True,2410232.0000,2411402.0000,465.1999,0.4652
1,2775.0522,2410.9482,2410948.1999,35,1.0-2410232-2411402,990.0000,1.0000,1,25,True,2410232.0000,2411402.0000,716.1999,0.7162
1,2775.3343,2411.2303,2411230.2999,35,1.0-2410232-2411402,990.0000,1.0000,1,25,True,2410232.0000,2411402.0000,998.2999,0.9983
1,2400.8428,2036.7388,2036738.7999,36,1.0-2036709-2039469,848.0000,1.0000,1,26,True,2036709.0000,2039469.0000,29.7999,0.0298
1,2400.8676,2036.7636,2036763.5999,36,1.0-2036709-2039469,848.0000,1.0000,1,26,True,2036709.0000,2039469.0000,54.5999,0.0546
1,2401.1338,2037.0298,2037029.7999,36,1.0-2036709-2039469,848.0000,1.0000,1,26,True,2036709.0000,2039469.0000,320.7999,0.3208
1,2401.2511,2037.1471,2037147.0999,36,1.0-2036709-2039469,848.0000,1.0000,1,26,True,2036709.0000,2039469.0000,438.0999,0.4381
1,2401.4749,2037.3709,2037370.8999,36,1.0-2036709-2039469,848.0000,1.0000,1,26,True,2036709.0000,2039469.0000,661.8999,0.6619
1,2401.6873,2037.5833,2037583.2999,36,1.0-2036709-2039469,848.0000,1.0000,1,26,True,2036709.0000,2039469.0000,874.2999,0.8743
1,2401.7390,2037.6350,2037634.9999,36,1.0-2036709-2039469,848.0000,1.0000,1,26,True,2036709.0000,2039469.0000,925.9999,0.9260
1,2402.1811,2038.0771,2038077.0999,36,1.0-2036709-2039469,848.0000,1.0000,1,26,True,2036709.0000,2039469.0000,1368.0999,1.3681
1,2402.2247,2038.1207,2038120.6999,36,1.0-2036709-2039469,848.0000,1.0000,1,26,True,2036709.0000,2039469.0000,1411.6999,1.4117
1,2402.3218,2038.2178,2038217.7999,36,1.0-2036709-2039469,848.0000,1.0000,1,26,True,2036709.0000,2039469.0000,1508.7999,1.5088
1,2402.5334,2038.4294,2038429.3999,36,1.0-2036709-2039469,848.0000,1.0000,1,26,True,2036709.0000,2039469.0000,1720.3999,1.7204
1,2402.5497,2038.4457,2038445.6999,36,1.0-2036709-2039469,848.0000,1.0000,1,26,True,2036709.0000,2039469.0000,1736.6999,1.7367
1,2402.8145,2038.7105,2038710.4999,36,1.0-2036709-2039469,848.0000,1.0000,1,26,True,2036709.0000,2039469.0000,2001.4999,2.0015
1,2402.8876,2038.7836,2038783.5999,36,1.0-2036709-2039469,848.0000,1.0000,1,26,True,2036709.0000,2039469.0000,2074.5999,2.0746
1,1884.9261,1520.8221,1520822.0999,37,1.0-1520751-1522380,612.0000,1.0000,0,54,True,1520751.0000,1522380.0000,71.0999,0.0711
1,1885.8546,1521.7506,1521750.5999,37,1.0-1520751-1522380,612.0000,1.0000,0,54,True,1520751.0000,1522380.0000,999.5999,0.9996
1,1886.0272,1521.9232,1521923.1999,37,1.0-1520751-1522380,612.0000,1.0000,0,54,True,1520751.0000,1522380.0000,1172.1999,1.1722
1,1886.1720,1522.0680,1522067.9999,37,1.0-1520751-1522380,612.0000,1.0000,0,54,True,1520751.0000,1522380.0000,1316.9999,1.3170
1,1886.2221,1522.1181,1522118.0999,37,1.0-1520751-1522380,612.0000,1.0000,0,54,True,1520751.0000,1522380.0000,1367.0999,1.3671
1,1886.2784,1522.1744,1522174.3999,37,1.0-1520751-1522380,612.0000,1.0000,0,54,True,1520751.0000,1522380.0000,1423.3999,1.4234
1,1886.4510,1522.3470,1522346.9999,37,1.0-1520751-1522380,612.0000,1.0000,0,54,True,1520751.0000,1522380.0000,1595.9999,1.5960
1,1060.2374,696.1334,696133.3999,38,1.0-695797-697427,326.0000,1.0000,0,55,True,695797.0000,697427.0000,336.3999,0.3364
1,1060.6190,696.5150,696514.9999,38,1.0-695797-697427,326.0000,1.0000,0,55,True,695797.0000,697427.0000,717.9999,0.7180
1,1061.1781,697.0741,697074.0999,38,1.0-695797-697427,326.0000,1.0000,0,55,True,695797.0000,697427.0000,1277.0999,1.2771
1,1683.5428,1319.4388,1319438.7999,39,1.0-1317090-1322069,535.0000,1.0000,1,27,True,1317090.0000,1322069.0000,2348.7999,2.3488
1,1684.1269,1320.0229,1320022.8999,39,1.0-1317090-1322069,535.0000,1.0000,1,27,True,1317090.0000,1322069.0000,2932.8999,2.9329
1,1684.5031,1320.3991,1320399.0999,39,1.0-1317090-1322069,535.0000,1.0000,1,27,True,1317090.0000,1322069.0000,3309.0999,3.3091
1,1685.1949,1321.0909,1321090.8999,39,1.0-1317090-1322069,535.0000,1.0000,1,27,True,1317090.0000,1322069.0000,4000.8999,4.0009
1,1685.4551,1321.3511,1321351.0999,39,1.0-1317090-1322069,535.0000,1.0000,1,27,True,1317090.0000,1322069.0000,4261.0999,4.2611
1,1685.4865,1321.3825,1321382.4999,39,1.0-1317090-1322069,535.0000,1.0000,1,27,True,1317090.0000,1322069.0000,4292.4999,4.2925
1,1685.8446,1321.7406,1321740.5999,39,1.0-1317090-1322069,535.0000,1.0000,1,27,True,1317090.0000,1322069.0000,4650.5999,4.6506
1,1685.9165,1321.8125,1321812.4999,39,1.0-1317090-1322069,535.0000,1.0000,1,27,True,1317090.0000,1322069.0000,4722.4999,4.7225
1,1685.9220,1321.8180,1321817.9999,39,1.0-1317090-1322069,535.0000,1.0000,1,27,True,1317090.0000,1322069.0000,4727.9999,4.7280
1,1685.9464,1321.8424,1321842.3999,39,1.0-1317090-1322069,535.0000,1.0000,1,27,True,1317090.0000,1322069.0000,4752.3999,4.7524
1,1686.0541,1321.9501,1321950.0999,39,1.0-1317090-1322069,535.0000,1.0000,1,27,True,1317090.0000,1322069.0000,4860.0999,4.8601
1,466.6916,102.5876,102587.5999,40,1.0-102298-103068,58.0000,1.0000,0,56,True,102298.0000,103068.0000,289.5999,0.2896
1,466.9319,102.8279,102827.8999,40,1.0-102298-103068,58.0000,1.0000,0,56,True,102298.0000,103068.0000,529.8999,0.5299
1,2529.6667,2165.5627,2165562.6999,41,1.0-2165532-2170542,898.0000,1.0000,1,28,True,2165532.0000,2170542.0000,30.6999,0.0307
1,2529.7612,2165.6572,2165657.1999,41,1.0-2165532-2170542,898.0000,1.0000,1,28,True,2165532.0000,2170542.0000,125.1999,0.1252
1,2529.8437,2165.7397,2165739.6999,41,1.0-2165532-2170542,898.0000,1.0000,1,28,True,2165532.0000,2170542.0000,207.6999,0.2077
1,2530.6686,2166.5646,2166564.5999,41,1.0-2165532-2170542,898.0000,1.0000,1,28,True,2165532.0000,2170542.0000,1032.5999,1.0326
1,2531.1058,2167.0018,2167001.7999,41,1.0-2165532-2170542,898.0000,1.0000,1,28,True,2165532.0000,2170542.0000,1469.7999,1.4698
1,2531.1568,2167.0528,2167052.7999,41,1.0-2165532-2170542,898.0000,1.0000,1,28,True,2165532.0000,2170542.0000,1520.7999,1.5208
1,2531.2311,2167.1271,2167127.0999,41,1.0-2165532-2170542,898.0000,1.0000,1,28,True,2165532.0000,2170542.0000,1595.0999,1.5951
1,2531.2561,2167.1521,2167152.0999,41,1.0-2165532-2170542,898.0000,1.0000,1,28,True,2165532.0000,2170542.0000,1620.0999,1.6201
1,2531.7839,2167.6799,2167679.8999,41,1.0-2165532-2170542,898.0000,1.0000,1,28,True,2165532.0000,2170542.0000,2147.8999,2.1479
1,2532.5961,2168.4921,2168492.0999,41,1.0-2165532-2170542,898.0000,1.0000,1,28,True,2165532.0000,2170542.0000,2960.0999,2.9601
1,2532.6707,2168.5667,2168566.6999,41,1.0-2165532-2170542,898.0000,1.0000,1,28,True,2165532.0000,2170542.0000,3034.6999,3.0347
1,2532.6910,2168.5870,2168586.9999,41,1.0-2165532-2170542,898.0000,1.0000,1,28,True,2165532.0000,2170542.0000,3054.9999,3.0550
1,2533.0142,2168.9102,2168910.1999,41,1.0-2165532-2170542,898.0000,1.0000,1,28,True,2165532.0000,2170542.0000,3378.1999,3.3782
1,2533.5230,2169.4190,2169418.9999,41,1.0-2165532-2170542,898.0000,1.0000,1,28,True,2165532.0000,2170542.0000,3886.9999,3.8870
1,540.6486,176.5446,176544.5999,43,1.0-176135-178395,105.0000,1.0000,1,30,True,176135.0000,178395.0000,409.5999,0.4096
1,541.1692,177.0652,177065.1999,43,1.0-176135-178395,105.0000,1.0000,1,30,True,176135.0000,178395.0000,930.1999,0.9302
1,541.2144,177.1104,177110.3999,43,1.0-176135-178395,105.0000,1.0000,1,30,True,176135.0000,178395.0000,975.3999,0.9754
1,541.3193,177.2153,177215.2999,43,1.0-176135-178395,105.0000,1.0000,1,30,True,176135.0000,178395.0000,1080.2999,1.0803
1,541.4349,177.3309,177330.8999,43,1.0-176135-178395,105.0000,1.0000,1,30,True,176135.0000,178395.0000,1195.8999,1.1959
1,542.2467,178.1427,178142.6999,43,1.0-176135-178395,105.0000,1.0000,1,30,True,176135.0000,178395.0000,2007.6999,2.0077
1,2114.9803,1750.8763,1750876.2999,44,1.0-1750737-1752107,720.0000,1.0000,0,57,True,1750737.0000,1752107.0000,139.2999,0.1393
1,2115.0212,1750.9172,1750917.1999,44,1.0-1750737-1752107,720.0000,1.0000,0,57,True,1750737.0000,1752107.0000,180.1999,0.1802
1,2115.8077,1751.7037,1751703.6999,44,1.0-1750737-1752107,720.0000,1.0000,0,57,True,1750737.0000,1752107.0000,966.6999,0.9667
1,695.4065,331.3025,331302.4999,45,1.0-331082-334072,187.0000,1.0000,0,58,True,331082.0000,334072.0000,220.4999,0.2205
1,695.6583,331.5543,331554.2999,45,1.0-331082-334072,187.0000,1.0000,0,58,True,331082.0000,334072.0000,472.2999,0.4723
1,695.8397,331.7357,331735.6999,45,1.0-331082-334072,187.0000,1.0000,0,58,True,331082.0000,334072.0000,653.6999,0.6537
1,695.8486,331.7446,331744.5999,45,1.0-331082-334072,187.0000,1.0000,0,58,True,331082.0000,334072.0000,662.5999,0.6626
1,695.8768,331.7728,331772.7999,45,1.0-331082-334072,187.0000,1.0000,0,58,True,331082.0000,334072.0000,690.7999,0.6908
1,695.9006,331.7966,331796.5999,45,1.0-331082-334072,187.0000,1.0000,0,58,True,331082.0000,334072.0000,714.5999,0.7146
1,696.1787,332.0747,332074.6999,45,1.0-331082-334072,187.0000,1.0000,0,58,True,331082.0000,334072.0000,992.6999,0.9927
1,696.9044,332.8004,332800.3999,45,1.0-331082-334072,187.0000,1.0000,0,58,True,331082.0000,334072.0000,1718.3999,1.7184
1,697.0373,332.9333,332933.2999,45,1.0-331082-334072,187.0000,1.0000,0,58,True,331082.0000,334072.0000,1851.2999,1.8513
1,697.4306,333.3266,333326.5999,45,1.0-331082-334072,187.0000,1.0000,0,58,True,331082.0000,334072.0000,2244.5999,2.2446
1,697.6784,333.5744,333574.3999,45,1.0-331082-334072,187.0000,1.0000,0,58,True,331082.0000,334072.0000,2492.3999,2.4924
1,698.1103,334.0063,334006.2999,45,1.0-331082-334072,187.0000,1.0000,0,58,True,331082.0000,334072.0000,2924.2999,2.9243
1,698.1265,334.0225,334022.4999,45,1.0-331082-334072,187.0000,1.0000,0,58,True,331082.0000,334072.0000,2940.4999,2.9405
1,2713.4882,2349.3842,2349384.1999,46,1.0-2349241-2350361,964.0000,1.0000,1,31,True,2349241.0000,2350361.0000,143.1999,0.1432
1,2713.8413,2349.7373,2349737.2999,46,1.0-2349241-2350361,964.0000,1.0000,1,31,True,2349241.0000,2350361.0000,496.2999,0.4963
1,2713.8581,2349.7541,2349754.0999,46,1.0-2349241-2350361,964.0000,1.0000,1,31,True,2349241.0000,2350361.0000,513.0999,0.5131
1,2714.1172,2350.0132,2350013.1999,46,1.0-2349241-2350361,964.0000,1.0000,1,31,True,2349241.0000,2350361.0000,772.1999,0.7722
1,2714.2250,2350.1210,2350120.9999,46,1.0-2349241-2350361,964.0000,1.0000,1,31,True,2349241.0000,2350361.0000,879.9999,0.8800
1,786.9774,422.8734,422873.3999,47,1.0-421669-426679,230.0000,1.0000,0,59,True,421669.0000,426679.0000,1204.3999,1.2044
1,787.2122,423.1082,423108.1999,47,1.0-421669-426679,230.0000,1.0000,0,59,True,421669.0000,426679.0000,1439.1999,1.4392
1,787.2175,423.1135,423113.4999,47,1.0-421669-426679,230.0000,1.0000,0,59,True,421669.0000,426679.0000,1444.4999,1.4445
1,787.6193,423.5153,423515.2999,47,1.0-421669-426679,230.0000,1.0000,0,59,True,421669.0000,426679.0000,1846.2999,1.8463
1,788.1950,424.0910,424090.9999,47,1.0-421669-426679,230.0000,1.0000,0,59,True,421669.0000,426679.0000,2421.9999,2.4220
1,789.6405,425.5365,425536.4999,47,1.0-421669-426679,230.0000,1.0000,0,59,True,421669.0000,426679.0000,3867.4999,3.8675
1,789.9640,425.8600,425859.9999,47,1.0-421669-426679,230.0000,1.0000,0,59,True,421669.0000,426679.0000,4190.9999,4.1910
1,455.7300,91.6260,91625.9999,49,1.0-90887-92657,53.0000,1.0000,0,61,True,90887.0000,92657.0000,738.9999,0.7390
1,455.9037,91.7997,91799.6999,49,1.0-90887-92657,53.0000,1.0000,0,61,True,90887.0000,92657.0000,912.6999,0.9127
1,456.5298,92.4258,92425.7999,49,1.0-90887-92657,53.0000,1.0000,0,61,True,90887.0000,92657.0000,1538.7999,1.5388
1,456.5602,92.4562,92456.1999,49,1.0-90887-92657,53.0000,1.0000,0,61,True,90887.0000,92657.0000,1569.1999,1.5692
1,1257.9745,893.8705,893870.4999,50,1.0-893819-895649,387.0000,1.0000,0,62,True,893819.0000,895649.0000,51.4999,0.0515
1,1257.9988,893.8948,893894.7999,50,1.0-893819-895649,387.0000,1.0000,0,62,True,893819.0000,895649.0000,75.7999,0.0758
1,1258.0275,893.9235,893923.4999,50,1.0-893819-895649,387.0000,1.0000,0,62,True,893819.0000,895649.0000,104.4999,0.1045
1,1258.5781,894.4741,894474.0999,50,1.0-893819-895649,387.0000,1.0000,0,62,True,893819.0000,895649.0000,655.0999,0.6551
1,1258.9003,894.7963,894796.2999,50,1.0-893819-895649,387.0000,1.0000,0,62,True,893819.0000,895649.0000,977.2999,0.9773
1,1258.9963,894.8923,894892.2999,50,1.0-893819-895649,387.0000,1.0000,0,62,True,893819.0000,895649.0000,1073.2999,1.0733
1,1259.1686,895.0646,895064.5999,50,1.0-893819-895649,387.0000,1.0000,0,62,True,893819.0000,895649.0000,1245.5999,1.2456
1,1259.2532,895.1492,895149.1999,50,1.0-893819-895649,387.0000,1.0000,0,62,True,893819.0000,895649.0000,1330.1999,1.3302
1,1259.4917,895.3877,895387.6999,50,1.0-893819-895649,387.0000,1.0000,0,62,True,893819.0000,895649.0000,1568.6999,1.5687
1,457.2055,93.1015,93101.4999,51,1.0-92755-93455,54.0000,1.0000,0,63,True,92755.0000,93455.0000,346.4999,0.3465
1,457.3172,93.2132,93213.1999,51,1.0-92755-93455,54.0000,1.0000,0,63,True,92755.0000,93455.0000,458.1999,0.4582
1,549.8201,185.7161,185716.0999,52,1.0-184242-187152,109.0000,1.0000,1,32,True,184242.0000,187152.0000,1474.0999,1.4741
1,1884.9261,1520.8221,1520822.0999,53,1.0-1520751-1525740,612.0000,1.0000,1,33,True,1520751.0000,1525740.0000,71.0999,0.0711
1,1885.8546,1521.7506,1521750.5999,53,1.0-1520751-1525740,612.0000,1.0000,1,33,True,1520751.0000,1525740.0000,999.5999,0.9996
1,1886.0272,1521.9232,1521923.1999,53,1.0-1520751-1525740,612.0000,1.0000,1,33,True,1520751.0000,1525740.0000,1172.1999,1.1722
1,1886.1720,1522.0680,1522067.9999,53,1.0-1520751-1525740,612.0000,1.0000,1,33,True,1520751.0000,1525740.0000,1316.9999,1.3170
1,1886.2221,1522.1181,1522118.0999,53,1.0-1520751-1525740,612.0000,1.0000,1,33,True,1520751.0000,1525740.0000,1367.0999,1.3671
1,1886.2784,1522.1744,1522174.3999,53,1.0-1520751-1525740,612.0000,1.0000,1,33,True,1520751.0000,1525740.0000,1423.3999,1.4234
1,1886.4510,1522.3470,1522346.9999,53,1.0-1520751-1525740,612.0000,1.0000,1,33,True,1520751.0000,1525740.0000,1595.9999,1.5960
1,1886.5021,1522.3981,1522398.0999,53,1.0-1520751-1525740,612.0000,1.0000,1,33,True,1520751.0000,1525740.0000,1647.0999,1.6471
1,1886.6980,1522.5940,1522593.9999,53,1.0-1520751-1525740,612.0000,1.0000,1,33,True,1520751.0000,1525740.0000,1842.9999,1.8430
1,1887.5251,1523.4211,1523421.0999,53,1.0-1520751-1525740,612.0000,1.0000,1,33,True,1520751.0000,1525740.0000,2670.0999,2.6701
1,1887.6590,1523.5550,1523554.9999,53,1.0-1520751-1525740,612.0000,1.0000,1,33,True,1520751.0000,1525740.0000,2803.9999,2.8040
1,1887.6791,1523.5751,1523575.0999,53,1.0-1520751-1525740,612.0000,1.0000,1,33,True,1520751.0000,1525740.0000,2824.0999,2.8241
1,1887.7727,1523.6687,1523668.6999,53,1.0-1520751-1525740,612.0000,1.0000,1,33,True,1520751.0000,1525740.0000,2917.6999,2.9177
1,1887.8205,1523.7165,1523716.4999,53,1.0-1520751-1525740,612.0000,1.0000,1,33,True,1520751.0000,1525740.0000,2965.4999,2.9655
1,1888.3259,1524.2219,1524221.8999,53,1.0-1520751-1525740,612.0000,1.0000,1,33,True,1520751.0000,1525740.0000,3470.8999,3.4709
1,1888.4591,1524.3551,1524355.0999,53,1.0-1520751-1525740,612.0000,1.0000,1,33,True,1520751.0000,1525740.0000,3604.0999,3.6041
1,1888.5024,1524.3984,1524398.3999,53,1.0-1520751-1525740,612.0000,1.0000,1,33,True,1520751.0000,1525740.0000,3647.3999,3.6474
1,1888.5513,1524.4473,1524447.2999,53,1.0-1520751-1525740,612.0000,1.0000,1,33,True,1520751.0000,1525740.0000,3696.2999,3.6963
1,1888.6553,1524.5513,1524551.2999,53,1.0-1520751-1525740,612.0000,1.0000,1,33,True,1520751.0000,1525740.0000,3800.2999,3.8003
1,1888.8006,1524.6966,1524696.5999,53,1.0-1520751-1525740,612.0000,1.0000,1,33,True,1520751.0000,1525740.0000,3945.5999,3.9456
1,1888.8233,1524.7193,1524719.2999,53,1.0-1520751-1525740,612.0000,1.0000,1,33,True,1520751.0000,1525740.0000,3968.2999,3.9683
1,1888.8323,1524.7283,1524728.2999,53,1.0-1520751-1525740,612.0000,1.0000,1,33,True,1520751.0000,1525740.0000,3977.2999,3.9773
1,1888.9918,1524.8878,1524887.7999,53,1.0-1520751-1525740,612.0000,1.0000,1,33,True,1520751.0000,1525740.0000,4136.7999,4.1368
1,1889.1702,1525.0662,1525066.1999,53,1.0-1520751-1525740,612.0000,1.0000,1,33,True,1520751.0000,1525740.0000,4315.1999,4.3152
1,1889.5895,1525.4855,1525485.4999,53,1.0-1520751-1525740,612.0000,1.0000,1,33,True,1520751.0000,1525740.0000,4734.4999,4.7345
1,2194.1043,1830.0003,1830000.2999,55,1.0-1829945-1830985,755.0000,1.0000,1,34,True,1829945.0000,1830985.0000,55.2999,0.0553
1,2194.4216,1830.3176,1830317.5999,55,1.0-1829945-1830985,755.0000,1.0000,1,34,True,1829945.0000,1830985.0000,372.5999,0.3726
1,2194.6011,1830.4971,1830497.0999,55,1.0-1829945-1830985,755.0000,1.0000,1,34,True,1829945.0000,1830985.0000,552.0999,0.5521
1,409.3051,45.2011,45201.0999,57,1.0-44609-47579,24.0000,1.0000,0,66,True,44609.0000,47579.0000,592.0999,0.5921
1,409.7565,45.6525,45652.4999,57,1.0-44609-47579,24.0000,1.0000,0,66,True,44609.0000,47579.0000,1043.4999,1.0435
1,409.8050,45.7010,45700.9999,57,1.0-44609-47579,24.0000,1.0000,0,66,True,44609.0000,47579.0000,1091.9999,1.0920
1,410.2738,46.1698,46169.7999,57,1.0-44609-47579,24.0000,1.0000,0,66,True,44609.0000,47579.0000,1560.7999,1.5608
1,500.2302,136.1262,136126.1999,58,1.0-134962-137792,79.0000,1.0000,1,35,True,134962.0000,137792.0000,1164.1999,1.1642
1,500.2760,136.1720,136171.9999,58,1.0-134962-137792,79.0000,1.0000,1,35,True,134962.0000,137792.0000,1209.9999,1.2100
1,501.2064,137.1024,137102.3999,58,1.0-134962-137792,79.0000,1.0000,1,35,True,134962.0000,137792.0000,2140.3999,2.1404
1,1402.0992,1037.9952,1037995.1999,59,1.0-1037823-1040693,444.0000,1.0000,1,36,True,1037823.0000,1040693.0000,172.1999,0.1722
1,1402.2730,1038.1690,1038168.9999,59,1.0-1037823-1040693,444.0000,1.0000,1,36,True,1037823.0000,1040693.0000,345.9999,0.3460
1,1402.3282,1038.2242,1038224.1999,59,1.0-1037823-1040693,444.0000,1.0000,1,36,True,1037823.0000,1040693.0000,401.1999,0.4012
1,1403.5051,1039.4011,1039401.0999,59,1.0-1037823-1040693,444.0000,1.0000,1,36,True,1037823.0000,1040693.0000,1578.0999,1.5781
1,1403.7911,1039.6871,1039687.0999,59,1.0-1037823-1040693,444.0000,1.0000,1,36,True,1037823.0000,1040693.0000,1864.0999,1.8641
1,2103.8832,1739.7792,1739779.1999,60,1.0-1739626-1740566,713.0000,1.0000,0,67,True,1739626.0000,1740566.0000,153.1999,0.1532
1,2104.1573,1740.0533,1740053.2999,60,1.0-1739626-1740566,713.0000,1.0000,0,67,True,1739626.0000,1740566.0000,427.2999,0.4273
1,672.3530,308.2490,308248.9999,61,1.0-307894-310284,173.0000,1.0000,1,37,True,307894.0000,310284.0000,354.9999,0.3550
1,672.3718,308.2678,308267.7999,61,1.0-307894-310284,173.0000,1.0000,1,37,True,307894.0000,310284.0000,373.7999,0.3738
1,672.5955,308.4915,308491.4999,61,1.0-307894-310284,173.0000,1.0000,1,37,True,307894.0000,310284.0000,597.4999,0.5975
1,672.7320,308.6280,308627.9999,61,1.0-307894-310284,173.0000,1.0000,1,37,True,307894.0000,310284.0000,733.9999,0.7340
1,673.8606,309.7566,309756.5999,61,1.0-307894-310284,173.0000,1.0000,1,37,True,307894.0000,310284.0000,1862.5999,1.8626
1,674.2453,310.1413,310141.2999,61,1.0-307894-310284,173.0000,1.0000,1,37,True,307894.0000,310284.0000,2247.2999,2.2473
1,2454.7934,2090.6894,2090689.3999,62,1.0-2090027-2091117,872.0000,1.0000,1,38,True,2090027.0000,2091117.0000,662.3999,0.6624
1,2454.8135,2090.7095,2090709.4999,62,1.0-2090027-2091117,872.0000,1.0000,1,38,True,2090027.0000,2091117.0000,682.4999,0.6825
1,2455.0462,2090.9422,2090942.1999,62,1.0-2090027-2091117,872.0000,1.0000,1,38,True,2090027.0000,2091117.0000,915.1999,0.9152
1,2690.8637,2326.7597,2326759.6999,63,1.0-2326352-2327712,954.0000,1.0000,1,39,True,2326352.0000,2327712.0000,407.6999,0.4077
1,2690.8742,2326.7702,2326770.1999,63,1.0-2326352-2327712,954.0000,1.0000,1,39,True,2326352.0000,2327712.0000,418.1999,0.4182
1,2691.0631,2326.9591,2326959.0999,63,1.0-2326352-2327712,954.0000,1.0000,1,39,True,2326352.0000,2327712.0000,607.0999,0.6071
1,2691.1254,2327.0214,2327021.3999,63,1.0-2326352-2327712,954.0000,1.0000,1,39,True,2326352.0000,2327712.0000,669.3999,0.6694
1,2199.5856,1835.4816,1835481.5999,64,1.0-1833883-1838892,758.0000,1.0000,1,40,True,1833883.0000,1838892.0000,1598.5999,1.5986
1,2200.0799,1835.9759,1835975.8999,64,1.0-1833883-1838892,758.0000,1.0000,1,40,True,1833883.0000,1838892.0000,2092.8999,2.0929
1,2200.5492,1836.4452,1836445.1999,64,1.0-1833883-1838892,758.0000,1.0000,1,40,True,1833883.0000,1838892.0000,2562.1999,2.5622
1,2200.6893,1836.5853,1836585.2999,64,1.0-1833883-1838892,758.0000,1.0000,1,40,True,1833883.0000,1838892.0000,2702.2999,2.7023
1,2200.7253,1836.6213,1836621.2999,64,1.0-1833883-1838892,758.0000,1.0000,1,40,True,1833883.0000,1838892.0000,2738.2999,2.7383
1,2201.2031,1837.0991,1837099.0999,64,1.0-1833883-1838892,758.0000,1.0000,1,40,True,1833883.0000,1838892.0000,3216.0999,3.2161
1,2201.7258,1837.6218,1837621.7999,64,1.0-1833883-1838892,758.0000,1.0000,1,40,True,1833883.0000,1838892.0000,3738.7999,3.7388
1,2201.9291,1837.8251,1837825.0999,64,1.0-1833883-1838892,758.0000,1.0000,1,40,True,1833883.0000,1838892.0000,3942.0999,3.9421
1,2201.9692,1837.8652,1837865.1999,64,1.0-1833883-1838892,758.0000,1.0000,1,40,True,1833883.0000,1838892.0000,3982.1999,3.9822
1,2202.1483,1838.0443,1838044.2999,64,1.0-1833883-1838892,758.0000,1.0000,1,40,True,1833883.0000,1838892.0000,4161.2999,4.1613
1,1207.6043,843.5003,843500.2999,65,1.0-841770-843749,368.0000,1.0000,0,68,True,841770.0000,843749.0000,1730.2999,1.7303
1,1207.8050,843.7010,843700.9999,65,1.0-841770-843749,368.0000,1.0000,0,68,True,841770.0000,843749.0000,1930.9999,1.9310
1,2139.9038,1775.7998,1775799.7999,67,1.0-1775594-1776394,733.0000,1.0000,0,70,True,1775594.0000,1776394.0000,205.7999,0.2058
1,2139.9301,1775.8261,1775826.0999,67,1.0-1775594-1776394,733.0000,1.0000,0,70,True,1775594.0000,1776394.0000,232.0999,0.2321
1,2140.1310,1776.0270,1776026.9999,67,1.0-1775594-1776394,733.0000,1.0000,0,70,True,1775594.0000,1776394.0000,432.9999,0.4330
1,2140.1888,1776.0848,1776084.7999,67,1.0-1775594-1776394,733.0000,1.0000,0,70,True,1775594.0000,1776394.0000,490.7999,0.4908
1,2140.3891,1776.2851,1776285.0999,67,1.0-1775594-1776394,733.0000,1.0000,0,70,True,1775594.0000,1776394.0000,691.0999,0.6911
1,573.2214,209.1174,209117.3999,68,1.0-208933-209863,125.0000,1.0000,1,41,True,208933.0000,209863.0000,184.3999,0.1844
1,573.3627,209.2587,209258.6999,68,1.0-208933-209863,125.0000,1.0000,1,41,True,208933.0000,209863.0000,325.6999,0.3257
1,573.6269,209.5229,209522.8999,68,1.0-208933-209863,125.0000,1.0000,1,41,True,208933.0000,209863.0000,589.8999,0.5899
1,1273.8814,909.7774,909777.3999,70,1.0-909167-910687,394.0000,1.0000,0,72,True,909167.0000,910687.0000,610.3999,0.6104
1,1274.5978,910.4938,910493.7999,70,1.0-909167-910687,394.0000,1.0000,0,72,True,909167.0000,910687.0000,1326.7999,1.3268
1,544.5961,180.4921,180492.0999,71,1.0-180272-182102,107.0000,1.0000,1,42,True,180272.0000,182102.0000,220.0999,0.2201
1,544.9272,180.8232,180823.1999,71,1.0-180272-182102,107.0000,1.0000,1,42,True,180272.0000,182102.0000,551.1999,0.5512
1,545.1887,181.0847,181084.6999,71,1.0-180272-182102,107.0000,1.0000,1,42,True,180272.0000,182102.0000,812.6999,0.8127
1,545.2222,181.1182,181118.1999,71,1.0-180272-182102,107.0000,1.0000,1,42,True,180272.0000,182102.0000,846.1999,0.8462
1,545.3500,181.2460,181245.9999,71,1.0-180272-182102,107.0000,1.0000,1,42,True,180272.0000,182102.0000,973.9999,0.9740
1,545.5887,181.4847,181484.6999,71,1.0-180272-182102,107.0000,1.0000,1,42,True,180272.0000,182102.0000,1212.6999,1.2127
1,545.9233,181.8193,181819.2999,71,1.0-180272-182102,107.0000,1.0000,1,42,True,180272.0000,182102.0000,1547.2999,1.5473
1,545.9288,181.8248,181824.7999,71,1.0-180272-182102,107.0000,1.0000,1,42,True,180272.0000,182102.0000,1552.7999,1.5528
1,546.1091,182.0051,182005.0999,71,1.0-180272-182102,107.0000,1.0000,1,42,True,180272.0000,182102.0000,1733.0999,1.7331
1,418.9619,54.8579,54857.8999,72,1.0-53584-55584,28.0000,1.0000,0,73,True,53584.0000,55584.0000,1273.8999,1.2739
1,419.1418,55.0378,55037.7999,72,1.0-53584-55584,28.0000,1.0000,0,73,True,53584.0000,55584.0000,1453.7999,1.4538
1,1306.2743,942.1703,942170.2999,73,1.0-941965-942535,408.0000,1.0000,1,43,True,941965.0000,942535.0000,205.2999,0.2053
1,1306.3874,942.2834,942283.3999,73,1.0-941965-942535,408.0000,1.0000,1,43,True,941965.0000,942535.0000,318.3999,0.3184
1,1306.4854,942.3814,942381.3999,73,1.0-941965-942535,408.0000,1.0000,1,43,True,941965.0000,942535.0000,416.3999,0.4164
1,1306.5048,942.4008,942400.7999,73,1.0-941965-942535,408.0000,1.0000,1,43,True,941965.0000,942535.0000,435.7999,0.4358
1,1306.5719,942.4679,942467.8999,73,1.0-941965-942535,408.0000,1.0000,1,43,True,941965.0000,942535.0000,502.8999,0.5029
1,1306.5851,942.4811,942481.0999,73,1.0-941965-942535,408.0000,1.0000,1,43,True,941965.0000,942535.0000,516.0999,0.5161
1,1558.3062,1194.2022,1194202.1999,74,1.0-1194072-1196782,492.0000,1.0000,0,74,True,1194072.0000,1196782.0000,130.1999,0.1302
1,1558.3738,1194.2698,1194269.7999,74,1.0-1194072-1196782,492.0000,1.0000,0,74,True,1194072.0000,1196782.0000,197.7999,0.1978
1,1558.4082,1194.3042,1194304.1999,74,1.0-1194072-1196782,492.0000,1.0000,0,74,True,1194072.0000,1196782.0000,232.1999,0.2322
1,1558.4272,1194.3232,1194323.1999,74,1.0-1194072-1196782,492.0000,1.0000,0,74,True,1194072.0000,1196782.0000,251.1999,0.2512
1,1558.6782,1194.5742,1194574.1999,74,1.0-1194072-1196782,492.0000,1.0000,0,74,True,1194072.0000,1196782.0000,502.1999,0.5022
1,1559.8577,1195.7537,1195753.6999,74,1.0-1194072-1196782,492.0000,1.0000,0,74,True,1194072.0000,1196782.0000,1681.6999,1.6817
1,1559.8769,1195.7729,1195772.8999,74,1.0-1194072-1196782,492.0000,1.0000,0,74,True,1194072.0000,1196782.0000,1700.8999,1.7009
1,1559.9527,1195.8487,1195848.6999,74,1.0-1194072-1196782,492.0000,1.0000,0,74,True,1194072.0000,1196782.0000,1776.6999,1.7767
1,1560.0933,1195.9893,1195989.2999,74,1.0-1194072-1196782,492.0000,1.0000,0,74,True,1194072.0000,1196782.0000,1917.2999,1.9173
1,1560.4167,1196.3127,1196312.6999,74,1.0-1194072-1196782,492.0000,1.0000,0,74,True,1194072.0000,1196782.0000,2240.6999,2.2407
1,2369.5460,2005.4420,2005441.9999,75,1.0-2005413-2006813,833.0000,1.0000,0,75,True,2005413.0000,2006813.0000,28.9999,0.0290
1,2369.6202,2005.5162,2005516.1999,75,1.0-2005413-2006813,833.0000,1.0000,0,75,True,2005413.0000,2006813.0000,103.1999,0.1032
1,2369.8477,2005.7437,2005743.6999,75,1.0-2005413-2006813,833.0000,1.0000,0,75,True,2005413.0000,2006813.0000,330.6999,0.3307
1,2370.3850,2006.2810,2006280.9999,75,1.0-2005413-2006813,833.0000,1.0000,0,75,True,2005413.0000,2006813.0000,867.9999,0.8680
1,2370.5335,2006.4295,2006429.4999,75,1.0-2005413-2006813,833.0000,1.0000,0,75,True,2005413.0000,2006813.0000,1016.4999,1.0165
